"id"|"first_name"|"last_name"|"sex"|"address"|"phone_number"|"profession"|"company"|"date_of_birth"
"ac5a9feb-e375-4516-88ca-37ba30b887ef"|"Brittney"|"Arroyo"|"F"|"812 Williams Canyon"|"001-599-693-3036x35480"|"Soil scientist"|"Morris, Diaz and Sawyer"|"2009-06-06"
"931146ce-d1a2-4cc9-a5f3-f2ac50787c7f"|"Keith"|"Little"|"M"|"903 Teresa Canyon Suite 186"|"947-494-2865x1368"|"Field seismologist"|"Graham-Wilson"|"2006-01-08"
"f0a1c4d6-fc3e-4537-858d-359f8f1aa1b6"|"Megan"|"Garcia"|"F"|"532 Campbell Knoll Suite 315"|"5416994538"|"Volunteer coordinator"|"Tran, Rowe and Fields"|"1929-01-11"
"b0e05476-c45d-4887-b5f9-dbf2d41f6fcd"|"Sarah"|"Jones"|"F"|"33 Allen Station"|"335.612.2431x46850"|"Adult guidance worker"|"Hines-Copeland"|"2007-07-17"
"970c1b70-a1e3-4892-9eaf-41e946de6be3"|"Stacey"|"Cole"|"F"|"424 Dickson River"|"746-729-0915x1386"|"Careers information officer"|"Brown-Hancock"|"1952-12-20"
"12471e09-ea72-4f7c-ad69-9f413bc89031"|"Mary"|"Russell"|"F"|"707 Trevino Manors Apt. 438"|"633.897.6946"|"Minerals surveyor"|"Olsen, Johnson and Green"|"1993-06-16"
"d049b22b-b545-4b08-99b3-481cdf2db29a"|"James"|"Blevins"|"M"|"395 Trevor Mountain Suite 944"|"001-981-700-9401x26387"|"Retail buyer"|"Fuentes-Fields"|"1934-05-08"
"5497221e-eeb6-4135-a85c-372823896328"|"Kelly"|"Nelson"|"F"|"364 Coleman Crescent Suite 801"|"+1-502-893-5917x6101"|"Technical author"|"Nguyen, Wade and Morgan"|"1977-09-30"
"9f789b29-60af-45b4-9814-5424b789ccbc"|"Breanna"|"Archer"|"F"|"988 Elizabeth Parks Apt. 742"|"(319)277-0978"|"Estate agent"|"Mueller-Aguilar"|"1967-02-05"
"bf328452-a4b5-4a77-b11e-caaff469d06a"|"Erica"|"Mullen"|"F"|"801 Harris Pass"|"675.618.6680"|"Engineer, manufacturing"|"Jones, Cunningham and Johnson"|"1935-09-07"
"4893d6f4-fa01-47ae-bde3-e1cdcfb963f9"|"Heather"|"Rodgers"|"F"|"183 Campbell Valleys Apt. 953"|"001-374-459-4723x06084"|"Community arts worker"|"Ward and Sons"|"1967-06-02"
"9d89c225-3879-40e7-a754-b15024849424"|"Scott"|"Johnson"|"M"|"484 Stacey Cape Apt. 595"|"+1-883-460-0480"|"Ecologist"|"Porter, Lowery and Moody"|"1971-08-28"
"979f9951-b4fc-46bf-a219-7b8469c2f927"|"Margaret"|"Carter"|"F"|"61 Brian Via"|"(733)853-8363"|"Geophysicist/field seismologist"|"Jimenez-Anderson"|"1955-10-03"
"3738833b-f025-49d7-91c3-95682bd44b25"|"James"|"Garcia"|"M"|"416 Trevor Mountain Suite 944"|"(859)994-2661x493"|"Community education officer"|"Carroll-Howell"|"1919-06-18"
"7bef7f0a-5721-401e-bd63-9dc945182e21"|"Larry"|"Hamilton"|"M"|"823 Tara Plains Apt. 300"|"001-610-621-3480x926"|"Marketing executive"|"Boyd and Sons"|"1916-07-28"
"5a05dca3-96d8-416a-b183-059b050f1b59"|"Breanna"|"Freeman"|"F"|"545 Tracey Curve"|"+1-777-523-5517x60041"|"Surveyor, rural practice"|"Orozco Inc"|"1999-01-27"
"12f81fe8-582c-4a08-ab91-d1b514be7151"|"Scott"|"Brooks"|"M"|"854 Dylan Corner"|"686-596-0559x0745"|"Medical sales representative"|"Malone, Rosales and Riley"|"1997-08-24"
"4353baec-28c8-461f-a8f3-d8e69244aa79"|"Molly"|"Moore"|"F"|"398 Anderson Highway"|"843.481.0229"|"Purchasing manager"|"Cunningham, Jenkins and Gonzales"|"1984-11-19"
"7593f197-c42c-4aa6-91a0-49a1a1436db2"|"Victoria"|"Pierce"|"F"|"403 Downs Pine"|"4039133908"|"Financial adviser"|"White, Montoya and Ochoa"|"2023-05-28"
"8d4e9aaf-8fb6-41d7-8242-ebd2715ab9ae"|"Amanda"|"Mack"|"F"|"394 Dylan Corner"|"246-306-1698x69231"|"Clinical molecular geneticist"|"Caldwell-Sandoval"|"1928-08-10"
"8071f57a-6758-4a46-b093-8a508f63d669"|"Christopher"|"Brown"|"M"|"373 Craig Mountains Suite 848"|"+1-346-758-4106"|"Architect"|"Randall, Campbell and Ali"|"1942-11-04"
"23ade0e2-6729-4b16-8dba-0c6780c56f69"|"Kyle"|"Martinez"|"M"|"323 Elizabeth Estate"|"001-926-714-4733x6753"|"Therapist, nutritional"|"Mendoza-Avila"|"2017-04-24"
"a9e273b2-6a04-4487-9aa0-5ebafe2cc543"|"Charles"|"Pierce"|"M"|"219 Glenn Locks"|"3936353648"|"Scientist, research (medical)"|"Nguyen, Moore and Smith"|"1929-12-02"
"41a8f5ea-94a4-4fa4-b27c-c744ff202047"|"Amanda"|"Morse"|"F"|"301 Katie View"|"+1-253-310-2716x4871"|"Minerals surveyor"|"Erickson Group"|"1972-01-14"
"0b61ff0b-a6b6-40a3-9634-8bf6dd73a847"|"Jeffrey"|"Macdonald"|"M"|"372 Franco Course Apt. 063"|"+1-885-291-2530x341"|"Publishing copy"|"Fuller-Wood"|"1912-11-29"
"e70eaae1-e426-439f-bc40-21b710bc5f19"|"Andrew"|"Hernandez"|"M"|"500 Thomas Mount"|"(814)962-4157x5728"|"Advertising account planner"|"Lambert, Mcdowell and Carter"|"1951-09-07"
"af90e8c1-3a17-4060-8caa-d8e9ae02c2b9"|"Jesus"|"Green"|"M"|"43 Perkins Ramp"|"7463621540"|"Production engineer"|"Taylor, Patterson and Martinez"|"1955-09-13"
"c95b990c-0aeb-4929-b342-afd66b90fc5e"|"Joe"|"Carpenter"|"M"|"348 Jeffrey Field Apt. 417"|"+1-869-557-0712x727"|"Haematologist"|"Carey-Houston"|"1990-02-16"
"d1f670d6-babb-4f42-a2f5-730bbb304955"|"Tonya"|"Green"|"F"|"349 Zachary Highway Apt. 103"|"646-558-1616x46923"|"Forest/woodland manager"|"Walters, Rodgers and Patterson"|"1985-04-19"
"ab06f514-07e3-46b8-9f70-4469fa87d951"|"Richard"|"Davis"|"M"|"423 Hayes Points Apt. 478"|"884-370-7891x14750"|"Trade mark attorney"|"Martin, Monroe and Kerr"|"1924-07-20"
"1e137183-ef84-4b25-84cb-b232b6db76d5"|"Heather"|"Franklin"|"F"|"28 Hayes Points Apt. 478"|"797.463.6685x1762"|"Production assistant, radio"|"Lambert, Yates and Smith"|"1920-02-26"
"78a079b6-a4ea-423f-b1e6-3edc2dca38c4"|"Renee"|"Kemp"|"F"|"33 Michael Village"|"355-932-0915"|"Exhibitions officer, museum/gallery"|"Mccoy-Hardy"|"1912-09-20"
"0ab0a783-b4d1-40d7-8198-8aea2cff6423"|"Melissa"|"Ward"|"F"|"261 Benjamin Square Suite 257"|"(637)344-8362"|"Herpetologist"|"Smith Group"|"2024-03-12"
"62ee6428-5717-4f1d-9564-446641a99a04"|"Alice"|"Patterson"|"F"|"785 Sharon Port Apt. 447"|"(234)584-5285"|"Armed forces logistics/support/administrative officer"|"Smith Inc"|"2014-03-25"
"d7b22ab1-4db8-4c98-bcb9-ce80cd233260"|"Jennifer"|"Morse"|"F"|"26 Anderson Highway"|"943-337-2233"|"Bonds trader"|"Richardson Ltd"|"1927-03-14"
"2a62483a-0760-4e20-8eb7-6ccdda849fe2"|"Robin"|"Fox"|"F"|"717 Osborn Motorway"|"001-608-526-0344x910"|"Associate Professor"|"Foster-Turner"|"1989-12-12"
"f795376c-f376-4a22-a95e-f7c97ab093d0"|"Brandon"|"Le"|"M"|"807 Anne Parks Suite 311"|"8847284181"|"Customer service manager"|"Scott, Day and Jordan"|"1940-12-19"
"b26b2d33-73e9-4afe-937f-8a2109c566bb"|"Jillian"|"Jenkins"|"F"|"830 Elizabeth Flats Apt. 431"|"001-967-960-7018"|"Scientist, physiological"|"Gross, Andrews and Simmons"|"1930-11-08"
"ddfcf206-43b5-4424-935b-aedff5f41e93"|"Benjamin"|"Phillips"|"M"|"102 Jeffrey Gardens Apt. 302"|"+1-442-630-1061x2729"|"Prison officer"|"Odonnell Group"|"1979-10-04"
"bab8ee06-1bb4-4e35-931b-188d4eefa4e6"|"Michael"|"Bradshaw"|"M"|"119 Perkins Ramp"|"579.770.4503x870"|"Land"|"Wolfe-Bartlett"|"1980-01-13"
"0c33851d-b4fb-4027-a083-245f97305cfd"|"Adriana"|"Brown"|"F"|"442 Rodriguez Track"|"264-353-6326x862"|"Pharmacist, community"|"Hahn, Mann and Brown"|"1916-01-16"
"3175476c-6b53-4169-a643-a16ab6dd9618"|"Charles"|"Price"|"M"|"258 Church Alley Apt. 335"|"927-885-9880x9118"|"Immunologist"|"Newman-Miller"|"1962-07-25"
"04d6967e-cfa5-47a1-be42-367c3cc6721c"|"Howard"|"Macdonald"|"M"|"863 Eric Coves Suite 554"|"531.438.4036x5121"|"Speech and language therapist"|"Reese-Farley"|"1960-07-24"
"ce14cb4e-e551-4b87-8bbb-bfaa5a1d8516"|"Christopher"|"Fuentes"|"M"|"861 Campbell Knoll Suite 315"|"452-716-8231"|"Teacher, English as a foreign language"|"Smith, White and Singh"|"1993-01-13"
"6534c3db-3d98-47a9-8eac-4460275adb27"|"Everett"|"Stevens"|"F"|"436 Christopher Spring"|"+1-842-637-7943x441"|"Agricultural engineer"|"Jackson-Pacheco"|"1936-09-18"
"3c7d4ac5-497e-4f79-a7f7-325e40dd4147"|"Stacey"|"Waller"|"F"|"871 Osborn Motorway"|"245-384-4735x3487"|"Engineer, civil (contracting)"|"Murphy Ltd"|"2024-09-24"
"a6aebd27-df4a-4b99-870d-243b2fb51c97"|"Cristian"|"Hernandez"|"M"|"158 Valerie Road"|"+1-951-984-6570"|"Psychologist, prison and probation services"|"Scott-Torres"|"2007-07-26"
"de91ab28-9fda-4e09-a6c2-0c77d21368f8"|"Sara"|"Blevins"|"F"|"760 Downs Pine"|"7313168745"|"Insurance underwriter"|"Young-Thompson"|"1938-03-12"
"f32a7303-cdba-4c48-a7a2-4685694c9765"|"Heather"|"Lee"|"F"|"115 Allen Station"|"754-988-4487x28119"|"Airline pilot"|"Taylor-Arnold"|"2000-08-25"
"5849defb-2ecf-45e5-817f-51a52eded142"|"Catherine"|"Wallace"|"F"|"244 Glenn Locks"|"001-908-365-5458x55999"|"Telecommunications researcher"|"Gutierrez, Lamb and James"|"1926-02-16"
"290df6a5-6ec4-41ae-9b7f-91ff6f62e86d"|"Valerie"|"Copeland"|"F"|"83 Benjamin Square Suite 257"|"(445)535-4470x495"|"Therapist, sports"|"Fry-Clark"|"1952-02-08"
"1f7bc1fa-6c3e-4797-aa5c-d4eb37a24e5a"|"April"|"Pena"|"F"|"742 Laura Walk"|"+1-778-225-6322"|"Quantity surveyor"|"Davis-Allen"|"1926-04-30"
"0a330297-1aac-40eb-a41c-b57c07c65472"|"Thomas"|"Reyes"|"M"|"937 Valerie Road"|"001-375-501-7546"|"Engineer, manufacturing systems"|"Love, Gibson and Mckenzie"|"1980-05-29"
"de06b3f5-d7d4-4647-85cd-1cb1bdfc1fd1"|"Ashley"|"Krueger"|"F"|"402 Mueller Ferry"|"548-414-1253x90441"|"Engineer, drilling"|"Ramos PLC"|"1959-12-19"
"dee7aa10-2291-4017-a8d6-e428fa84a2c6"|"Kenneth"|"Stevens"|"M"|"728 Stanton Inlet"|"+1-589-534-1879"|"Haematologist"|"Kelly-Martinez"|"1928-05-27"
"a0b15425-67e8-414b-b736-9a8c188d70c3"|"Christopher"|"Mclaughlin"|"M"|"293 Stanton Inlet"|"758-891-9200"|"Hospital doctor"|"Velez-Thompson"|"1995-11-14"
"4c8df881-3f19-4da5-b225-255a9aea0c4f"|"Jeremy"|"Berry"|"M"|"874 Brooke Via Apt. 559"|"(270)405-3189x4770"|"Speech and language therapist"|"Nichols, Robinson and Foster"|"2000-04-07"
"fc087ba8-2098-4ad5-8249-bf395740ebb2"|"Darren"|"Butler"|"M"|"670 Joel Courts Apt. 541"|"(211)321-4778"|"Editor, magazine features"|"Miller-Davis"|"1973-09-10"
"87b0cf4b-0d1f-4150-a994-f43a5e0fd041"|"Espinoza"|"Williams"|"F"|"770 Ashley Springs"|"376.542.9939x3561"|"Audiological scientist"|"Davis, Floyd and Allison"|"2019-04-28"
"69ba2d30-55a2-4837-9694-f1617718005e"|"Mary"|"Camacho"|"F"|"898 Deanna Cape Apt. 367"|"(209)703-6188x8213"|"Building services engineer"|"Jones, Morales and Marshall"|"2002-04-13"
"8832ce13-6a8d-428e-86c1-cea2c8d713af"|"Ana"|"Anderson"|"F"|"226 Mark Trafficway"|"394-990-2642"|"Lawyer"|"Vazquez Group"|"1944-06-05"
"258894a8-58a9-4b36-9089-fda596c9d39f"|"Emily"|"Copeland"|"F"|"66 Downs Pine"|"7926052369"|"Child psychotherapist"|"Brown, Russell and Lynch"|"1953-10-21"
"1d8ab6f2-1f97-407d-9013-0111be30c047"|"Robert"|"Butler"|"M"|"822 Stacey Cape Apt. 595"|"630.972.7262x20292"|"Manufacturing engineer"|"Norman, Smith and Nguyen"|"2019-03-25"
"52ee1f83-2368-498c-9a2e-0ab182b14f82"|"Stone"|"Yoder"|"M"|"787 Williams Expressway Apt. 362"|"(938)777-8676x400"|"Civil engineer, consulting"|"King-Wise"|"1960-10-07"
"f7192bc4-2c14-42f2-baf2-0ca2f22dd72e"|"Susan"|"Harris"|"F"|"35 Osborn Motorway"|"826-449-3493"|"Advertising account planner"|"Ruiz-Mcintyre"|"1909-10-07"
"5eb9ea56-2650-44ca-9448-1338d37f30f1"|"Oscar"|"Perez"|"M"|"924 Mora Lodge"|"001-680-440-0144x838"|"Public relations account executive"|"Brown, Stafford and Webb"|"1933-06-10"
"eb02c701-609b-4a64-a7d9-5e6892204851"|"Matthew"|"Ellis"|"M"|"130 Katie View"|"523.666.0493x419"|"Therapist, music"|"Park and Sons"|"2007-11-11"
"de204f13-7c59-4c24-8a7b-20994743ea7f"|"Amber"|"Wallace"|"F"|"217 Glenn Locks"|"(216)387-9191x78820"|"Gaffer"|"Bradley, Downs and Brown"|"2023-12-21"
"d5a8b5d2-3364-4c71-8ead-c5eabbd7bdb2"|"Jesse"|"Castro"|"M"|"107 John Rapid"|"765.863.0611x454"|"Conference centre manager"|"Murphy, Davis and Fisher"|"1935-11-09"
"d88bb9d8-e90c-4788-8f09-10a68fcd4391"|"Jessica"|"Gregory"|"F"|"354 Shawn Road Suite 413"|"001-932-530-3299x33473"|"Mudlogger"|"Barnett, Morse and Flores"|"1996-11-10"
"daa2542a-7332-4924-9df1-4b6d1c1e172a"|"Dustin"|"Jenkins"|"M"|"114 Christopher Spring"|"001-415-213-3929x6193"|"Television floor manager"|"Hines, Smith and Lawson"|"1989-12-26"
"33a579e2-f9b1-46b2-9fc4-0e6a43f0b750"|"Heather"|"Camacho"|"F"|"768 Dylan Ford Suite 352"|"001-612-311-4510x31415"|"Tax inspector"|"Flores, Manning and Fuller"|"1948-10-11"
"ae0d5c04-06e1-41f0-a063-dabd6b2b9087"|"Dominic"|"Copeland"|"M"|"100 Christopher Spring"|"+1-564-766-6757x50034"|"Administrator, charities/voluntary organisations"|"Ferguson, Sanchez and Taylor"|"1963-11-07"
"a1196944-bd18-499c-b88f-0ebbb4308629"|"Bruce"|"Wallace"|"M"|"144 Steele Shoal Suite 220"|"(689)720-9295"|"Therapist, nutritional"|"Branch, Schneider and Miller"|"2011-08-21"
"55dabd0a-2e05-4ba5-a50e-404236bf8d08"|"Natalie"|"Castro"|"F"|"410 Church Alley Apt. 335"|"2583941427"|"Nurse, children's"|"Simpson, Armstrong and Wilkins"|"1966-07-11"
"40979102-51da-4418-a719-dbe31aee9cd0"|"Amanda"|"Macdonald"|"F"|"85 Sharon Port Apt. 447"|"+1-703-269-6613x30046"|"Solicitor"|"Phillips-Rodriguez"|"1937-10-07"
"3cdd213f-fe21-4be8-894a-6a65fd9b1d7d"|"Charles"|"Pitts"|"M"|"828 Williams Isle"|"3198534301"|"Production manager"|"Collins, Santana and Reynolds"|"2010-07-04"
"d245f775-c70b-45a5-b7c7-3edbbde24853"|"James"|"Gomez"|"M"|"543 Blanchard Lakes"|"(227)371-2017"|"Occupational psychologist"|"Rose, Wyatt and Foster"|"1968-07-27"
"11fa75cc-defa-41c8-89ee-968b63e16a54"|"Jose"|"Moss"|"M"|"782 Stanton Inlet"|"(239)741-1308x79194"|"Museum/gallery exhibitions officer"|"Martin-King"|"1932-05-11"
"087b738e-20a9-475f-96f9-2b3364af88d9"|"Guy"|"Rogers"|"M"|"695 Williams Isle"|"240.700.2664x6103"|"Materials engineer"|"Franklin-Thomas"|"1935-12-02"
"768f4d01-4fc0-4888-b56e-8968246d8547"|"John"|"Hill"|"M"|"38 Kerr Skyway Apt. 036"|"572-499-0577"|"Financial controller"|"Holden PLC"|"1931-07-08"
"1f339e9d-577f-4b96-bb35-76cd06eab292"|"Carolyn"|"Miller"|"F"|"858 Campbell Valleys Apt. 953"|"747-380-9730"|"Clinical molecular geneticist"|"Bryant, Gibson and Stevens"|"1977-12-08"
"cc112483-4a70-42bd-ba6f-eb8dc0dbdb60"|"Cesar"|"James"|"M"|"631 April Ways Suite 563"|"(983)267-5327x48966"|"Fast food restaurant manager"|"Harper Ltd"|"1933-01-27"
"2c0af5bc-afd7-4b04-96e1-52d8f98b415a"|"Janet"|"Sutton"|"F"|"178 Elizabeth Parks Apt. 742"|"499.750.5299"|"Transport planner"|"Simon Ltd"|"1943-09-28"
"22531c05-e7e8-439a-bc42-c0e5ef003c1a"|"Judith"|"Cruz"|"F"|"847 Matthew Walk"|"535.567.8327x7486"|"Social worker"|"Pittman-White"|"1917-10-17"
"3fcd1445-1c1b-44ef-9949-f0f256a4635d"|"Laura"|"Manning"|"F"|"85 Julie Inlet Suite 979"|"+1-815-532-3267x08832"|"Engineer, water"|"Leon, Miles and Floyd"|"1987-08-07"
"3f816c67-136b-45f0-8ff1-889c876b765f"|"Aaron"|"Myers"|"M"|"872 Richard Villages"|"344-228-9344x866"|"Adult guidance worker"|"Clark-Jones"|"1929-10-21"
"81d4b0c9-4536-44b2-baef-b3cb25f0ecb4"|"Cynthia"|"Long"|"F"|"128 Catherine Gateway"|"648.747.4968x70232"|"Medical secretary"|"Warner, Klein and Davidson"|"1967-08-01"
"265c3fd1-777d-40c4-9d27-a08884553316"|"John"|"Fox"|"M"|"962 Holmes Terrace Suite 933"|"5009796688"|"Radio producer"|"Larsen, Krueger and Cummings"|"1979-12-10"
"e3e883c0-39a8-41b9-9795-93e845f0020b"|"Brett"|"Stewart"|"M"|"943 Eric Coves Suite 554"|"(681)794-4768"|"Risk manager"|"Cherry, Keller and Campbell"|"1983-07-10"
"5add6bbe-11dd-43f5-89b9-2313a3baad8f"|"Wendy"|"Gregory"|"F"|"5 Levy Corners"|"+1-829-732-6224x187"|"Gaffer"|"Cantrell-Walker"|"1923-01-13"
"417fb923-c102-41c0-bce8-d528e8d74134"|"Jaime"|"Hunt"|"F"|"645 Shawn Road Suite 413"|"001-870-633-6177"|"Optician, dispensing"|"Beard, Whitaker and Brooks"|"1909-11-24"
"9973575c-ff9f-4622-bd8f-191feafe4271"|"Isaac"|"Frost"|"M"|"511 Christopher Spring"|"639-647-4615"|"Trade mark attorney"|"Sanchez PLC"|"1951-06-23"
"883cf934-c370-4dea-83a2-adf2c97f2e9c"|"Jodi"|"Patterson"|"F"|"509 Stacey Cape Apt. 595"|"(596)886-7899x964"|"Interior and spatial designer"|"Rice-Reeves"|"1953-09-17"
"8435904d-c5a4-4b33-b34f-dcba56a2b31b"|"Stephanie"|"Williams"|"F"|"335 Richards Grove Apt. 722"|"001-915-748-3911"|"Careers adviser"|"Gomez LLC"|"1957-10-15"
"8a0a011a-d51b-431f-929e-c2612f7acaa8"|"Chelsea"|"Garcia"|"F"|"876 Katie View"|"+1-515-845-5991x55757"|"Arts development officer"|"Newton and Sons"|"1933-03-23"
"99dee56e-e181-4b1d-a490-59cb7c8973e3"|"Jessica"|"Alexander"|"F"|"542 Brown Track Suite 103"|"(522)653-1489x9656"|"Sub"|"Carter Group"|"1924-06-06"
"aa919cf0-6e00-44cb-a312-469cb285735d"|"Susan"|"Nichols"|"F"|"813 Andrew Meadow"|"(335)214-9602x2192"|"Engineer, communications"|"Carter, Brown and Robinson"|"1930-10-08"
"196c2b71-7de4-4a85-9be9-010a9874bd1d"|"Daniel"|"Duncan"|"M"|"869 Rich River Apt. 223"|"8818501375"|"Chartered loss adjuster"|"Lopez, Powers and Palmer"|"1994-11-22"
"a4a5b00f-afe1-4514-9762-cb3e30449b78"|"Monica"|"Riley"|"F"|"890 Laura Mountains"|"868-806-9821x5373"|"Patent examiner"|"Ortiz, Martin and Diaz"|"2011-06-10"
"88d4fb46-5bad-49a8-abdb-2ad5f7d7725b"|"Katrina"|"Hamilton"|"F"|"115 Benjamin Square Suite 257"|"001-624-603-3924x2410"|"Town planner"|"Rogers, Martinez and Miller"|"1932-09-23"
"53f288e4-26bc-426a-b403-f9e9c81972ae"|"Dennis"|"Davis"|"M"|"953 Benjamin Square Suite 257"|"(904)914-4330"|"Producer, television/film/video"|"Mcmillan-Adams"|"1948-11-04"
"b205d0e7-d75b-4056-ac3b-4d389a730ccb"|"Megan"|"Phillips"|"F"|"464 Judy Lights"|"001-609-340-2543x47043"|"Higher education lecturer"|"Calderon-Klein"|"1919-10-05"
"89827a7d-55a0-4c02-ab5b-e189807ad280"|"Johnny"|"Lawrence"|"M"|"645 Chad Stream"|"+1-886-309-6230x510"|"Radiation protection practitioner"|"Rivas LLC"|"1950-09-12"
"b0c6b4ce-a8d7-4062-a3aa-f5a66dd15396"|"Desiree"|"Johnson"|"F"|"299 Stacey Cape Apt. 595"|"+1-254-314-3431x225"|"Nurse, children's"|"Bell-Wilson"|"2006-10-21"
"6f61f96a-1cad-4416-a4da-9169c86995ef"|"Jason"|"Johnson"|"M"|"156 Tracy Isle Suite 248"|"(647)346-9360x94771"|"Land/geomatics surveyor"|"Juarez-Cochran"|"2015-12-20"
"84d20f82-d34f-4e81-91b5-568e2feba01e"|"Michele"|"Moss"|"F"|"493 Richards Grove Apt. 722"|"300.611.8673x257"|"Press sub"|"Murphy and Sons"|"1962-04-19"
"2d0ea5a6-67e1-4c78-955d-c2fdfaa9103d"|"Jennifer"|"Frost"|"F"|"84 Dylan Ford Suite 352"|"874.284.5128x48390"|"Operational researcher"|"Smith Inc"|"2016-03-28"
"34a4caf9-052f-462d-92d6-3900c8c32978"|"Susan"|"Stevens"|"F"|"165 Thomas Mount"|"399-609-9023"|"Applications developer"|"Smith-Gamble"|"1971-05-24"
"31ef556a-97b4-4c48-bf3c-de97fa9142b6"|"Rebecca"|"Greer"|"F"|"272 Martha Flats Suite 976"|"254.397.5533x2423"|"Forensic psychologist"|"Liu, Drake and Austin"|"1933-10-15"
"7e685e63-9349-487d-b7bf-dd86a91372aa"|"Deanna"|"Hanson"|"F"|"142 Willie Lane"|"382-417-9092"|"Lecturer, further education"|"Ward LLC"|"1952-05-25"
"d3f14f7a-b4e7-48ab-911d-3c004448b484"|"Jesse"|"Hood"|"M"|"956 Bradley Mission"|"+1-933-302-5343x689"|"Optician, dispensing"|"Chaney PLC"|"1917-08-10"
"094c1c53-606a-4d25-82c5-dc1e87591a0a"|"Benjamin"|"Harris"|"M"|"134 Joseph Turnpike"|"926.998.8134"|"Corporate treasurer"|"Ramos Ltd"|"1996-03-18"
"c8fcdfc8-82de-458e-a452-5c096181e66d"|"Edward"|"Hamilton"|"M"|"181 Patrick Mount"|"001-346-937-2805x96820"|"Surveyor, rural practice"|"Taylor-Dixon"|"2002-04-17"
"47d641ec-9df7-4ed1-891f-79caf522ac8e"|"Marcus"|"Stevens"|"M"|"950 Anderson Highway"|"(203)968-2158"|"Insurance risk surveyor"|"Hull Ltd"|"1924-12-24"
"3750a7ad-bc49-410d-be61-e04319babe7f"|"Erika"|"Robinson"|"F"|"663 Matthew Walk"|"001-900-338-2538x06912"|"Administrator, sports"|"Shannon, Bass and Kaufman"|"1976-08-08"
"788fe724-b570-465d-9596-c39f69ff1c58"|"Elizabeth"|"Little"|"F"|"404 Elizabeth Estate"|"(625)234-3631"|"Printmaker"|"Reed-Washington"|"1966-02-24"
"5867954f-5346-4183-bd33-d5ba09f818ac"|"Brenda"|"Harris"|"F"|"144 Hickman Island Suite 836"|"755-831-8612"|"Trading standards officer"|"Smith-Kim"|"1927-04-23"
"62d50a79-61cc-47ba-bcbe-964035d96d61"|"George"|"Hunt"|"M"|"979 Sharon Port Apt. 447"|"504.654.2463"|"Pharmacologist"|"Richardson-Diaz"|"1959-11-17"
"e7edacc3-da9f-4a85-a3b3-f15737c2fec5"|"Jason"|"Johnson"|"M"|"283 Bradley Mission"|"654.719.1093x2920"|"Magazine journalist"|"Perry-Davis"|"1993-06-29"
"39a33dbb-04ab-4842-af98-f22ead9a29e9"|"Cheyenne"|"Brown"|"F"|"52 Valerie Road"|"+1-689-937-5310x343"|"Engineer, biomedical"|"Carney, Marshall and Brown"|"1998-08-20"
"a098ab59-405f-4ab3-a7c0-1a14675559d1"|"Sara"|"Hansen"|"F"|"558 Jeffrey Gardens Apt. 302"|"+1-572-246-2009"|"Estate manager/land agent"|"Figueroa-Hodges"|"2013-03-29"
"b0c62db9-2560-450c-b5d7-10a0d75db091"|"Nicole"|"Carter"|"F"|"904 John Rapid"|"(757)391-1692x16271"|"Magazine features editor"|"Mccarthy Inc"|"1931-02-22"
"fcafc813-343d-4b84-a58d-45cd841b98f4"|"Cody"|"Pierce"|"M"|"68 Adams Freeway Suite 226"|"4197304045"|"Designer, ceramics/pottery"|"Herman, Wells and Hall"|"1985-12-12"
"aec8d81b-1ab2-45f1-b8de-f5a021ce2a16"|"Jennifer"|"Anderson"|"F"|"208 Rodriguez Track"|"766.396.5144"|"Accountant, chartered management"|"Stafford-Williams"|"1920-01-01"
"3f7f5451-dc00-4bd0-bf0e-55038bfe3f08"|"Miles"|"Nash"|"M"|"168 Garza Cove Apt. 267"|"343-286-5215x02700"|"Education officer, environmental"|"Smith-Wood"|"1954-10-05"
"abca56a8-f520-4d8e-ba7e-25c9f8bda0ef"|"Yolanda"|"Nelson"|"F"|"952 Brian Via"|"946-786-9157x7469"|"Clinical molecular geneticist"|"Johnson-Miller"|"1934-08-26"
"c3d8e69a-4c11-44bc-8332-d2b64d894159"|"Alyssa"|"Lee"|"F"|"91 Willie Lane"|"001-933-321-8724"|"Research scientist (life sciences)"|"Smith, Kramer and Zavala"|"1942-04-24"
"8de6af8f-2c4c-46b8-9bcd-f56066fba542"|"Olivia"|"Martinez"|"F"|"338 Shawn Road Suite 413"|"573.734.6296x77957"|"Emergency planning/management officer"|"Morris-Alexander"|"1988-02-08"
"604ea15c-5ae0-49f7-ac22-daeccb68a9e6"|"Denise"|"Adams"|"F"|"345 Williams Expressway Apt. 362"|"702.352.9870x820"|"Engineer, communications"|"Anderson, Carter and Erickson"|"1963-08-11"
"5d1804fd-5f69-49bd-9055-0679171a2dfe"|"Timothy"|"Le"|"M"|"496 Williams Canyon"|"923.593.1223x8371"|"Air cabin crew"|"Martinez Inc"|"2008-12-04"
"ceda84b0-83f3-4142-aaa7-3a67df0e2299"|"Larry"|"Gomez"|"M"|"933 Brown Track Suite 103"|"(841)978-9176x245"|"Freight forwarder"|"Bryant and Sons"|"1956-10-25"
"64960298-681d-4dd6-8781-53b5ce58d810"|"Michael"|"Howell"|"M"|"138 Matthew Court"|"4499252614"|"Barrister's clerk"|"Adams-Alexander"|"1912-02-22"
"856d5563-2db1-4a03-afd0-d5477db10572"|"Stephanie"|"Williams"|"F"|"371 Jennifer Isle Suite 022"|"342-413-6958"|"Geneticist, molecular"|"White-Zavala"|"1932-03-24"
"0bfdcd75-d884-4792-9ecd-60dc0755af4c"|"Dwayne"|"Williams"|"M"|"539 April Ways Suite 563"|"645-505-2567"|"Police Officer"|"TTPD"|"1984-07-02"
"4c5f9cdb-9289-4f7a-bcfe-f085435689bb"|"Jonathan"|"Gill"|"M"|"871 Tara Plains Apt. 300"|"(852)202-1236"|"Firefighter"|"Lee LLC"|"1931-08-21"
"5eecefc6-8362-499a-852d-e4df37900587"|"Scott"|"Brown"|"M"|"482 Richard Inlet Apt. 323"|"281.346.3858"|"Archaeologist"|"Hernandez, Lewis and Williams"|"1935-05-08"